cliente_id,nombre,apellido,nombre_completo,email
1000,Timoteo,Carrasco,Timoteo Carrasco,laureanofelipe@example.org
1001,Clara,Canales,Clara Canales,villanuevaluisa@example.org
1002,Alta  Gracia,Cabán,Alta  Gracia Cabán,eugeniasantiago@example.net
1003,Aldonza,Valentín,Aldonza Valentín,violetatrejo@example.com
1004,Estefanía,Rangel,Estefanía Rangel,abraham26@example.com
1005,Germán,Cortés,Germán Cortés,ivancanales@example.org
1006,Juan,Calderón,Juan Calderón,jaime94@example.org
1007,María Luisa,Terán,María Luisa Terán,ochoaarcelia@example.net
1008,Guadalupe,Nájera,Guadalupe Nájera,angelaarmenta@example.net
1009,Esperanza,Longoria,Esperanza Longoria,gonzalesbenito@example.com
1010,Germán,Rendón,Germán Rendón,dalia55@example.org
1011,Yuridia,Jaramillo,Yuridia Jaramillo,de-la-torreoswaldo@example.net
1012,Felipe,Dávila,Felipe Dávila,rojeda@example.net
1013,Porfirio,Gaona,Porfirio Gaona,anabel30@example.com
1014,Karla,Jasso,Karla Jasso,galarzaraquel@example.net
1015,Ignacio,Galindo,Ignacio Galindo,portiz@example.com
1016,Claudio,Jaimes,Claudio Jaimes,fernandovalentin@example.net
1017,Frida,Viera,Frida Viera,zvergara@example.com
1018,Estefanía,Chavarría,Estefanía Chavarría,wbustos@example.org
1019,Blanca,Corral,Blanca Corral,luisaybarra@example.org
1020,Judith,Olivárez,Judith Olivárez,qtafoya@example.net
1021,Adalberto,Carrero,Adalberto Carrero,tomas51@example.com
1022,Manuel,Cotto,Manuel Cotto,uacosta@example.net
1023,Frida,Sanches,Frida Sanches,natividadcaraballo@example.net
1024,Héctor,Sarabia,Héctor Sarabia,cristiannino@example.org
1025,Paola,Tamez,Paola Tamez,zamudioirene@example.com
1026,Aida,Carrasco,Aida Carrasco,homero30@example.org
1027,Raquel,Berríos,Raquel Berríos,ruelasangela@example.net
1028,Carmen,Cazares,Carmen Cazares,kulloa@example.com
1029,Óliver,Zepeda,Óliver Zepeda,igalarza@example.net
1030,Elvira,Marrero,Elvira Marrero,cnino@example.net
1031,María Cristina,Casárez,María Cristina Casárez,espartacobarela@example.com
1032,Alejandra,Villalobos,Alejandra Villalobos,rolandogaray@example.org
1033,Angélica,Bahena,Angélica Bahena,angelaparicio@example.com
1034,Angélica,Serrano,Angélica Serrano,germanruelas@example.org
1035,Paola,Centeno,Paola Centeno,yguerra@example.com
1036,Lorenzo,Espinal,Lorenzo Espinal,calderonvictoria@example.com
1037,Joaquín,Piña,Joaquín Piña,urobles@example.org
1038,Zacarías,Calvillo,Zacarías Calvillo,padronivonne@example.org
1039,Felix,Espinosa,Felix Espinosa,omarrangel@example.org
1040,Luisa,Elizondo,Luisa Elizondo,maria-teresa31@example.com
1041,Paulina,Calvillo,Paulina Calvillo,toledoadela@example.org
1042,Eva,de la Crúz,Eva de la Crúz,eruelas@example.org
1043,Karla,Bahena,Karla Bahena,juanacevedo@example.com
1044,Gabino,Rentería,Gabino Rentería,luisa87@example.org
1045,Elias,Lucio,Elias Lucio,ana-luisavenegas@example.net
1046,Patricia,Ballesteros,Patricia Ballesteros,ana-luisa09@example.com
1047,Nadia,Tamez,Nadia Tamez,ana-luisasauceda@example.org
1048,Eduardo,Barrientos,Eduardo Barrientos,gollumkarina@example.org
1049,Rebeca,Gurule,Rebeca Gurule,bonillalourdes@example.net
1050,Rodolfo,Vallejo,Rodolfo Vallejo,francisca35@example.org
1051,Gabino,Ortiz,Gabino Ortiz,yuridiamacias@example.com
1052,Ignacio,Beltrán,Ignacio Beltrán,reynososilvia@example.net
1053,Benito,Benavides,Benito Benavides,natividadjaimes@example.org
1054,Jaqueline,Barrientos,Jaqueline Barrientos,jose-eduardolinares@example.org
1055,Marcela,Tórrez,Marcela Tórrez,sara80@example.net
1056,Perla,Luna,Perla Luna,cervantesgabino@example.org
1057,Bernabé,Uribe,Bernabé Uribe,georginalerma@example.net
1058,Enrique,Montalvo,Enrique Montalvo,taniajaime@example.net
1059,Minerva,Heredia,Minerva Heredia,caballerotania@example.com
1060,Gerónimo,Armendáriz,Gerónimo Armendáriz,merinocatalina@example.net
1061,Frida,Cuellar,Frida Cuellar,turena@example.com
1062,Ramiro,Aguirre,Ramiro Aguirre,benitezconchita@example.net
1063,Alejandro,Negrón,Alejandro Negrón,luis-manuelcavazos@example.org
1064,Homero,Nava,Homero Nava,munizenrique@example.net
1065,Felix,Candelaria,Felix Candelaria,rafael69@example.net
1066,Cristal,Granado,Cristal Granado,dianapaz@example.org
1067,Diego,Mercado,Diego Mercado,rguzman@example.org
1068,Bianca,Olivas,Bianca Olivas,rodrigezestela@example.org
1069,María Luisa,Montez,María Luisa Montez,esperanza30@example.net
1070,Elisa,Ozuna,Elisa Ozuna,german14@example.com
1071,Tomás,Saucedo,Tomás Saucedo,vteran@example.org
1072,Camilo,Ibarra,Camilo Ibarra,robertojaimes@example.org
1073,Bianca,Ybarra,Bianca Ybarra,umontano@example.com
1074,Marco Antonio,Zelaya,Marco Antonio Zelaya,olmosreynaldo@example.org
1075,Florencia,Armendáriz,Florencia Armendáriz,habreu@example.net
1076,Yuridia,Estrada,Yuridia Estrada,luis-manuel15@example.net
1077,Humberto,Castellanos,Humberto Castellanos,natividad46@example.com
1078,Karina,Lucero,Karina Lucero,elisaperes@example.net
1079,Juan,Delgado,Juan Delgado,leticia80@example.com
1080,Gonzalo,Gaitán,Gonzalo Gaitán,mvenegas@example.net
1081,Inés,Rivero,Inés Rivero,rquintanilla@example.org
1082,Nayeli,Rojas,Nayeli Rojas,victoriabravo@example.com
1083,Noelia,Meza,Noelia Meza,gollumzacarias@example.com
1084,Espartaco,Farías,Espartaco Farías,albertoarredondo@example.org
1085,Martín,Beltrán,Martín Beltrán,opedroza@example.net
1086,Eloisa,Olivo,Eloisa Olivo,ppabon@example.org
1087,Vanesa,Adame,Vanesa Adame,pizarroestefania@example.org
1088,Norma,Rivera,Norma Rivera,valdesfelix@example.org
1089,María Eugenia,Cepeda,María Eugenia Cepeda,jtamez@example.net
1090,Ilse,Quintero,Ilse Quintero,culibarri@example.org
1091,Martín,Rascón,Martín Rascón,fernando48@example.com
1092,Socorro,Griego,Socorro Griego,marcos14@example.org
1093,Georgina,Meza,Georgina Meza,paola12@example.org
1094,Esther,Olivera,Esther Olivera,ernestobarela@example.com
1095,Lorenzo,Menéndez,Lorenzo Menéndez,dpelayo@example.org
1096,Lucía,Ordóñez,Lucía Ordóñez,velasquezjuan@example.com
1097,Abraham,Mora,Abraham Mora,julio68@example.net
1098,Patricio,Zavala,Patricio Zavala,micaelagaona@example.com
1099,Marco Antonio,Ruelas,Marco Antonio Ruelas,ordonezivan@example.net
1100,Leticia,de Jesús,Leticia de Jesús,ncavazos@example.net
1101,Aldonza,Orta,Aldonza Orta,botellotrinidad@example.com
1102,Celia,Riojas,Celia Riojas,amadorhurtado@example.com
1103,Itzel,Galarza,Itzel Galarza,vmena@example.com
1104,Germán,Pérez,Germán Pérez,ariadna70@example.net
1105,Paola,Ávila,Paola Ávila,esparta10@example.org
1106,Fernando,Feliciano,Fernando Feliciano,corralevelio@example.org
1107,Mario,Carrero,Mario Carrero,marthahidalgo@example.com
1108,Daniela,Zelaya,Daniela Zelaya,davilahugo@example.org
1109,Ricardo,Alvarez,Ricardo Alvarez,rene66@example.net
1110,Elvia,Benítez,Elvia Benítez,benjaminmadera@example.net
1111,Ruby,Casárez,Ruby Casárez,montenegrooscar@example.com
1112,Virginia,Nevárez,Virginia Nevárez,santillanvicente@example.com
1113,Adán,Peres,Adán Peres,bcaraballo@example.com
1114,Teresa,Rico,Teresa Rico,manueldel-valle@example.net
1115,Octavio,Jimínez,Octavio Jimínez,brivero@example.net
1116,Rosalia,Jasso,Rosalia Jasso,felipe14@example.com
1117,Federico,Rivera,Federico Rivera,bmiramontes@example.com
1118,Irma,Echeverría,Irma Echeverría,wgalindo@example.com
1119,Jacinto,Lemus,Jacinto Lemus,pilar08@example.org
1120,Arturo,Guardado,Arturo Guardado,jsaenz@example.org
1121,Martín,Salas,Martín Salas,falfaro@example.com
1122,Estela,Palacios,Estela Palacios,hildaverdugo@example.com
1123,Mario,Uribe,Mario Uribe,luz85@example.com
1124,María Elena,Juárez,María Elena Juárez,fidel31@example.net
1125,Elisa,Mata,Elisa Mata,tellodulce-maria@example.org
1126,Esmeralda,Roybal,Esmeralda Roybal,rolando89@example.com
1127,Benito,Esquibel,Benito Esquibel,esperanza52@example.com
1128,Adela,Tejeda,Adela Tejeda,gerardoarmenta@example.org
1129,Perla,Loya,Perla Loya,teodorosalas@example.org
1130,Adán,Vela,Adán Vela,mariano77@example.com
1131,Dulce María,Ávalos,Dulce María Ávalos,mateo11@example.com
1132,Mitzy,Benavides,Mitzy Benavides,coronadoconchita@example.net
1133,Hernán,Briones,Hernán Briones,caridadvaldez@example.com
1134,Samuel,Ybarra,Samuel Ybarra,octavioolivares@example.com
1135,Margarita,Luevano,Margarita Luevano,kmagana@example.net
1136,Ana María,Camacho,Ana María Camacho,socorrogalarza@example.com
1137,Virginia,Bonilla,Virginia Bonilla,eveliodelgadillo@example.net
1138,Antonio,Cortez,Antonio Cortez,paredesmaria-del-carmen@example.net
1139,Rosario,Rodrígez,Rosario Rodrígez,alonso34@example.net
1140,Guillermina,Rendón,Guillermina Rendón,gonzalezgabino@example.net
1141,Rolando,Fajardo,Rolando Fajardo,icarrero@example.org
1142,Vicente,Córdova,Vicente Córdova,claudia10@example.org
1143,Homero,Yáñez,Homero Yáñez,marcela17@example.net
1144,Hernán,Padrón,Hernán Padrón,monica87@example.com
1145,Ariadna,Zamora,Ariadna Zamora,preciadoirene@example.net
1146,Fidel,Alvarez,Fidel Alvarez,gironzeferino@example.net
1147,Rodrigo,Alonso,Rodrigo Alonso,reynaldo02@example.com
1148,Norma,Quintanilla,Norma Quintanilla,dolores96@example.net
1149,Mitzy,Bustos,Mitzy Bustos,amontero@example.com
1150,Inés,Cantú,Inés Cantú,isaacpatino@example.net
1151,Miguel Ángel,Lomeli,Miguel Ángel Lomeli,curbina@example.com
1152,Augusto,Mascareñas,Augusto Mascareñas,irene16@example.net
1153,Abel,Torres,Abel Torres,dpedraza@example.org
1154,Norma,Nájera,Norma Nájera,wquintanilla@example.org
1155,Emilia,Jaramillo,Emilia Jaramillo,gracielaquezada@example.net
1156,Mercedes,Casas,Mercedes Casas,grijalvacristobal@example.com
1157,Pedro,Alcaraz,Pedro Alcaraz,ocaban@example.org
1158,María Teresa,Carvajal,María Teresa Carvajal,modestolovato@example.net
1159,Georgina,Pelayo,Georgina Pelayo,prodriquez@example.com
1160,Pedro,Colunga,Pedro Colunga,mespino@example.net
1161,Celia,Barrios,Celia Barrios,linda58@example.com
1162,Abelardo,Leyva,Abelardo Leyva,rodrigo97@example.org
1163,Marisela,Tijerina,Marisela Tijerina,vmontano@example.net
1164,Pamela,Ocasio,Pamela Ocasio,mmedina@example.net
1165,Evelio,Vázquez,Evelio Vázquez,xgonzalez@example.com
1166,Alvaro,Matías,Alvaro Matías,yolivarez@example.net
1167,Uriel,Coronado,Uriel Coronado,iarce@example.net
1168,Rosa,Meraz,Rosa Meraz,quinonezbenito@example.net
1169,María Eugenia,Alejandro,María Eugenia Alejandro,lucascorrea@example.org
1170,Mariano,Jaimes,Mariano Jaimes,sofia61@example.com
1171,Zeferino,Tejeda,Zeferino Tejeda,omateo@example.net
1172,Micaela,Toro,Micaela Toro,barrientoseugenio@example.net
1173,Graciela,Gaytán,Graciela Gaytán,puenteberta@example.net
1174,Benito,Quiroz,Benito Quiroz,helenaanaya@example.org
1175,Irma,Badillo,Irma Badillo,jorge56@example.org
1176,Felipe,Tamez,Felipe Tamez,rvalles@example.org
1177,David,del Río,David del Río,olivassilvano@example.net
1178,Fabiola,Salinas,Fabiola Salinas,estherriojas@example.net
1179,Florencia,Rico,Florencia Rico,yeni07@example.com
1180,Zoé,Treviño,Zoé Treviño,antoniaquintanilla@example.com
1181,Rodrigo,Luna,Rodrigo Luna,dhenriquez@example.com
1182,Elvia,Olivo,Elvia Olivo,pcarbajal@example.com
1183,Reina,Muñoz,Reina Muñoz,gustavo06@example.com
1184,Abril,Valles,Abril Valles,zelayamiriam@example.com
1185,Estela,Zepeda,Estela Zepeda,estefania39@example.com
1186,Victoria,Chapa,Victoria Chapa,arenashoracio@example.com
1187,Aldo,Venegas,Aldo Venegas,cesar14@example.com
1188,Linda,del Río,Linda del Río,cesartirado@example.com
1189,Olga,Sánchez,Olga Sánchez,daniel47@example.com
1190,Ivonne,Carrero,Ivonne Carrero,jbenitez@example.org
1191,Zoé,Osorio,Zoé Osorio,aurora60@example.com
1192,Omar,Castañeda,Omar Castañeda,rnegrete@example.net
1193,Zacarías,Iglesias,Zacarías Iglesias,gnieto@example.net
1194,Eugenia,Rodríguez,Eugenia Rodríguez,valentinitzel@example.net
1195,Estela,Barajas,Estela Barajas,pmadrid@example.com
1196,Camilo,Cintrón,Camilo Cintrón,archuletahernan@example.com
1197,Camilo,Calderón,Camilo Calderón,pablocervantez@example.com
1198,María Elena,Nevárez,María Elena Nevárez,vvillagomez@example.net
1199,Cristal,Pedroza,Cristal Pedroza,saizsergio@example.com
1200,Gilberto,Apodaca,Gilberto Apodaca,esteban77@example.org
1201,Jos,Camacho,Jos Camacho,pamela50@example.com
1202,Gerónimo,Espinal,Gerónimo Espinal,renteriaaurora@example.net
1203,Eric,Zambrano,Eric Zambrano,arteagaisabela@example.org
1204,Carmen,Vallejo,Carmen Vallejo,angelaurrutia@example.org
1205,Rodrigo,Gálvez,Rodrigo Gálvez,isaaccordero@example.net
1206,Abelardo,Lebrón,Abelardo Lebrón,catalinatoledo@example.com
1207,Delia,Carmona,Delia Carmona,cejaadela@example.com
1208,Eva,Villalobos,Eva Villalobos,adriana24@example.org
1209,Carmen,Pérez,Carmen Pérez,barelamartin@example.com
1210,Jos,Serna,Jos Serna,razonadia@example.org
1211,Sessa,Armas,Sessa Armas,maria-jose00@example.com
1212,Karla,Polanco,Karla Polanco,salasmaria@example.org
1213,Ariadna,Medina,Ariadna Medina,andrescastro@example.com
1214,Sofía,Vigil,Sofía Vigil,juana98@example.com
1215,María Elena,Santiago,María Elena Santiago,ycamacho@example.net
1216,Camila,Ureña,Camila Ureña,luis-manuelrazo@example.org
1217,Liliana,Mojica,Liliana Mojica,aozuna@example.net
1218,Barbara,Marroquín,Barbara Marroquín,qmarroquin@example.com
1219,José Luis,Corral,José Luis Corral,fbarrera@example.org
1220,Aurelio,Preciado,Aurelio Preciado,nievescatalina@example.net
1221,Ana María,Villa,Ana María Villa,yuridia16@example.com
1222,Wendolin,Piña,Wendolin Piña,loeraruby@example.com
1223,Jesús,Cano,Jesús Cano,cristalrosario@example.org
1224,Bianca,Montez,Bianca Montez,camila49@example.org
1225,Luis Miguel,Valentín,Luis Miguel Valentín,jaramilloalicia@example.org
1226,Georgina,Mares,Georgina Mares,jeronimo02@example.org
1227,Raúl,Pacheco,Raúl Pacheco,colladotania@example.org
1228,Aurora,Tamez,Aurora Tamez,jose-manuelperea@example.com
1229,Jacinto,Cotto,Jacinto Cotto,hugo59@example.net
1230,Arturo,Ávila,Arturo Ávila,cristinaarroyo@example.net
1231,Ariadna,Jurado,Ariadna Jurado,fpineda@example.net
1232,Margarita,Pedroza,Margarita Pedroza,esmeralda81@example.com
1233,Luis Manuel,Carranza,Luis Manuel Carranza,rosalia78@example.net
1234,Homero,Armenta,Homero Armenta,leonardozamudio@example.org
1235,Abraham,Flores,Abraham Flores,eric24@example.com
1236,Itzel,Casares,Itzel Casares,salinasluis-manuel@example.org
1237,Catalina,Olivares,Catalina Olivares,monicavaldivia@example.net
1238,Joaquín,Becerra,Joaquín Becerra,barias@example.org
1239,María Luisa,Bernal,María Luisa Bernal,rene69@example.com
1240,Timoteo,Perales,Timoteo Perales,camila60@example.com
1241,David,Rincón,David Rincón,augusto61@example.org
1242,Marco Antonio,Villalpando,Marco Antonio Villalpando,fsoria@example.com
1243,Horacio,Mojica,Horacio Mojica,isabelade-la-garza@example.org
1244,Nayeli,Carrera,Nayeli Carrera,jaquelinemontoya@example.net
1245,Verónica,Cordero,Verónica Cordero,benjaminconcepcion@example.com
1246,Elvia,Delgadillo,Elvia Delgadillo,vanesabenitez@example.org
1247,Soledad,Salcido,Soledad Salcido,wvalle@example.net
1248,Marisol,Vallejo,Marisol Vallejo,soledad52@example.com
1249,Ángel,Rodarte,Ángel Rodarte,ymadrigal@example.com
1250,Rosa,Badillo,Rosa Badillo,natividad14@example.com
1251,María Cristina,Archuleta,María Cristina Archuleta,negretegonzalo@example.org
1252,Verónica,Bustamante,Verónica Bustamante,lrios@example.net
1253,Alma,Rascón,Alma Rascón,ineszedillo@example.com
1254,Mónica,Corona,Mónica Corona,rayabenjamin@example.com
1255,Arturo,Santana,Arturo Santana,alfredogutierrez@example.net
1256,Marcela,Quiñones,Marcela Quiñones,josenieves@example.com
1257,Julia,Paredes,Julia Paredes,rufino05@example.org
1258,Isaac,Cabrera,Isaac Cabrera,qlimon@example.net
1259,Víctor,Zavala,Víctor Zavala,isabelabonilla@example.net
1260,Wilfrido,Cisneros,Wilfrido Cisneros,horacio62@example.net
1261,Arturo,Marín,Arturo Marín,imendez@example.net
1262,Olivia,Cabán,Olivia Cabán,xsauceda@example.org
1263,Jos,Mares,Jos Mares,ernestomondragon@example.com
1264,Elisa,Gastélum,Elisa Gastélum,cristalbernal@example.com
1265,Benito,Sarabia,Benito Sarabia,miramontesserafin@example.org
1266,Rubén,Ocampo,Rubén Ocampo,daliaduran@example.net
1267,Sofía,de Jesús,Sofía de Jesús,aarmas@example.com
1268,Zoé,Granados,Zoé Granados,wlinares@example.net
1269,Marisol,González,Marisol González,horaciorodarte@example.org
1270,José Carlos,Vásquez,José Carlos Vásquez,xriojas@example.com
1271,Juana,Sandoval,Juana Sandoval,mcuellar@example.net
1272,Citlali,Henríquez,Citlali Henríquez,rosalesjose-emilio@example.net
1273,Benjamín,Sevilla,Benjamín Sevilla,linaresarmando@example.org
1274,Georgina,Rascón,Georgina Rascón,marco-antoniobustos@example.org
1275,María del Carmen,Montes,María del Carmen Montes,pedrozaana@example.com
1276,Nadia,Niño,Nadia Niño,judithbonilla@example.com
1277,Esparta,Amaya,Esparta Amaya,berta52@example.org
1278,Alfonso,Llamas,Alfonso Llamas,wchavez@example.net
1279,Mariano,Rangel,Mariano Rangel,betancourtaida@example.com
1280,Esmeralda,Cornejo,Esmeralda Cornejo,xcarranza@example.com
1281,Eva,Madera,Eva Madera,arreolaevelio@example.com
1282,Timoteo,Reyna,Timoteo Reyna,carranzamodesto@example.net
1283,Omar,Alemán,Omar Alemán,claudiolovato@example.com
1284,Abel,Morales,Abel Morales,reinapena@example.org
1285,Wendolin,Briones,Wendolin Briones,angel88@example.net
1286,Natividad,Urrutia,Natividad Urrutia,orellanamariano@example.org
1287,Teresa,Ontiveros,Teresa Ontiveros,flavio05@example.org
1288,Jaime,Guajardo,Jaime Guajardo,verdugoisabela@example.org
1289,Alvaro,Mora,Alvaro Mora,trinidad27@example.net
1290,Mauro,Echeverría,Mauro Echeverría,andreareyna@example.org
1291,Guadalupe,Ferrer,Guadalupe Ferrer,felicianoalma@example.com
1292,Horacio,Serrato,Horacio Serrato,etorrez@example.com
1293,Alejandro,Espino,Alejandro Espino,jonas05@example.com
1294,Carlota,Nazario,Carlota Nazario,vpabon@example.com
1295,Judith,Mojica,Judith Mojica,miriamsalinas@example.com
1296,Norma,Jaramillo,Norma Jaramillo,pinedaarcelia@example.com
1297,Salvador,Dueñas,Salvador Dueñas,ines11@example.com
1298,Virginia,Lucero,Virginia Lucero,marisela96@example.org
1299,María,Montoya,María Montoya,uarias@example.com
1300,Sessa,Puga,Sessa Puga,timoteo01@example.net
1301,Teodoro,Palomino,Teodoro Palomino,nelly20@example.org
1302,Sandra,Quezada,Sandra Quezada,castroangel@example.org
1303,Verónica,Navarro,Verónica Navarro,juan-carlos90@example.net
1304,Cristian,Rascón,Cristian Rascón,jose-emilio71@example.net
1305,Citlali,Tamayo,Citlali Tamayo,leonel54@example.org
1306,Camila,Alvarez,Camila Alvarez,modestosisneros@example.com
1307,Ramiro,Carvajal,Ramiro Carvajal,francisca73@example.net
1308,Gonzalo,Salas,Gonzalo Salas,carloscervantez@example.org
1309,María Cristina,de León,María Cristina de León,zbrito@example.net
1310,Indira,Montenegro,Indira Montenegro,urbinapatricia@example.com
1311,Helena,Cotto,Helena Cotto,jossauceda@example.org
1312,Carlos,Fernández,Carlos Fernández,evasalcido@example.org
1313,Jorge Luis,Urrutia,Jorge Luis Urrutia,mayte82@example.net
1314,Asunción,Barraza,Asunción Barraza,leonel78@example.com
1315,Lucas,Velasco,Lucas Velasco,castilloilse@example.net
1316,Antonia,Rascón,Antonia Rascón,wsierra@example.org
1317,Pedro,Villagómez,Pedro Villagómez,catalinaprieto@example.net
1318,Anabel,Castellanos,Anabel Castellanos,hernande-anda@example.org
1319,Irene,Garza,Irene Garza,norma41@example.com
1320,Elsa,Ureña,Elsa Ureña,carmen49@example.net
1321,Aurelio,Sandoval,Aurelio Sandoval,rosaliavera@example.org
1322,David,Zedillo,David Zedillo,ramon00@example.org
1323,Amalia,Velázquez,Amalia Velázquez,uriel39@example.com
1324,Serafín,Angulo,Serafín Angulo,strejo@example.net
1325,Hermelinda,Rosas,Hermelinda Rosas,leticialuevano@example.com
1326,Antonia,Balderas,Antonia Balderas,marcospelayo@example.com
1327,Marisol,Figueroa,Marisol Figueroa,samuel25@example.net
1328,Indira,Montaño,Indira Montaño,wcedillo@example.com
1329,Noelia,Valenzuela,Noelia Valenzuela,matosfabiola@example.com
1330,Carlos,Jaramillo,Carlos Jaramillo,jgutierrez@example.org
1331,Amador,López,Amador López,pperalta@example.org
1332,Itzel,Vélez,Itzel Vélez,elias27@example.net
1333,Mayte,Samaniego,Mayte Samaniego,miriam01@example.com
1334,Natalia,Reyna,Natalia Reyna,esmeraldavergara@example.com
1335,Amanda,Arteaga,Amanda Arteaga,miguel-angel97@example.com
1336,Omar,Aguilera,Omar Aguilera,pradocecilia@example.com
1337,Josefina,Padrón,Josefina Padrón,amalia60@example.net
1338,Ramiro,Esquivel,Ramiro Esquivel,perla41@example.com
1339,Natalia,Raya,Natalia Raya,sofia91@example.org
1340,Beatriz,Orta,Beatriz Orta,ivonne85@example.org
1341,Elvia,Zarate,Elvia Zarate,csanches@example.org
1342,Alfonso,Chapa,Alfonso Chapa,mario87@example.org
1343,Samuel,Serrato,Samuel Serrato,itzelmatos@example.org
1344,Laura,Luna,Laura Luna,natividad88@example.com
1345,Ramón,Luna,Ramón Luna,xalfaro@example.com
1346,Zacarías,Carmona,Zacarías Carmona,tvergara@example.net
1347,Sonia,Amador,Sonia Amador,pjaimes@example.net
1348,Reynaldo,Gil,Reynaldo Gil,vergaramauro@example.org
1349,Ofelia,Olivares,Ofelia Olivares,federicoaparicio@example.net
1350,Blanca,Espino,Blanca Espino,quintanahumberto@example.com
1351,Cornelio,Paz,Cornelio Paz,liliasanchez@example.net
1352,Mariana,Bañuelos,Mariana Bañuelos,normafranco@example.net
1353,Irma,Romo,Irma Romo,lmartinez@example.com
1354,Óscar,Monroy,Óscar Monroy,zoe49@example.com
1355,Elisa,Gurule,Elisa Gurule,porfirio43@example.com
1356,Graciela,Franco,Graciela Franco,emateo@example.com
1357,Rafaél,Lara,Rafaél Lara,carlos98@example.com
1358,Leonardo,Montaño,Leonardo Montaño,gregorioarias@example.com
1359,Arcelia,Montemayor,Arcelia Montemayor,vhidalgo@example.com
1360,Ernesto,Ferrer,Ernesto Ferrer,ramiro42@example.org
1361,Sergio,Villa,Sergio Villa,federicoarteaga@example.net
1362,Olga,Gastélum,Olga Gastélum,ameliacamarillo@example.com
1363,Isabel,Rodríquez,Isabel Rodríquez,chapaabigail@example.net
1364,Cristina,Palomo,Cristina Palomo,promero@example.org
1365,Graciela,Mayorga,Graciela Mayorga,veronica01@example.net
1366,Renato,Gómez,Renato Gómez,del-riolorena@example.org
1367,Alejandro,Osorio,Alejandro Osorio,vescamilla@example.com
1368,Alfonso,Aguirre,Alfonso Aguirre,raquel91@example.com
1369,Gloria,Rentería,Gloria Rentería,gcervantes@example.com
1370,Georgina,Espinoza,Georgina Espinoza,menendezdalia@example.net
1371,María José,Hinojosa,María José Hinojosa,adelamiranda@example.com
1372,Raquel,Espinoza,Raquel Espinoza,santiagopalomino@example.com
1373,Noelia,Menchaca,Noelia Menchaca,pachecoyolanda@example.org
1374,Dulce María,Cintrón,Dulce María Cintrón,pmejia@example.org
1375,Francisca,Olivera,Francisca Olivera,mariselajaramillo@example.com
1376,Hermelinda,Verduzco,Hermelinda Verduzco,ibarraursula@example.com
1377,Eugenio,Bañuelos,Eugenio Bañuelos,riverohomero@example.org
1378,Leticia,Sandoval,Leticia Sandoval,caridad45@example.net
1379,Estela,Gaona,Estela Gaona,mateocorral@example.com
1380,Samuel,Niño,Samuel Niño,eulloa@example.net
1381,Wendolin,Gamez,Wendolin Gamez,rubenbonilla@example.net
1382,Marisela,Suárez,Marisela Suárez,araceli91@example.org
1383,Pascual,Santiago,Pascual Santiago,renatoteran@example.org
1384,Daniel,Menchaca,Daniel Menchaca,rcarrion@example.org
1385,Rodolfo,Sáenz,Rodolfo Sáenz,segoviamarisela@example.org
1386,María Elena,Centeno,María Elena Centeno,kreyes@example.org
1387,Rafaél,Ríos,Rafaél Ríos,agustin64@example.org
1388,Esteban,Véliz,Esteban Véliz,armentaluisa@example.com
1389,Andrea,Toro,Andrea Toro,barrientosmariana@example.org
1390,Gonzalo,Paredes,Gonzalo Paredes,celiaperes@example.com
1391,Juana,Rangel,Juana Rangel,fnunez@example.net
1392,Virginia,Tirado,Virginia Tirado,ursulamontero@example.org
1393,Diego,Terrazas,Diego Terrazas,itafoya@example.net
1394,Esparta,Acosta,Esparta Acosta,lugomarisol@example.net
1395,Pamela,Pineda,Pamela Pineda,pgodinez@example.com
1396,Javier,Correa,Javier Correa,elena10@example.net
1397,Lourdes,Alemán,Lourdes Alemán,emilianobarrera@example.org
1398,Rosario,Aponte,Rosario Aponte,rzamora@example.net
1399,Amanda,Guevara,Amanda Guevara,padillamarcela@example.org
1400,Paola,Gamboa,Paola Gamboa,cintronnadia@example.com
1401,Eugenia,Velásquez,Eugenia Velásquez,reynaldo95@example.org
1402,Hermelinda,Collazo,Hermelinda Collazo,lilianamacias@example.com
1403,Anel,Valdés,Anel Valdés,socorroponce@example.net
1404,Miguel Ángel,Arreola,Miguel Ángel Arreola,trinidad68@example.com
1405,Lorena,Paredes,Lorena Paredes,helenaocampo@example.org
1406,Pablo,Rojas,Pablo Rojas,espartacomacias@example.net
1407,Claudio,Rivas,Claudio Rivas,valenzuelaliliana@example.com
1408,Porfirio,Tamayo,Porfirio Tamayo,juliaguerra@example.com
1409,Emilia,Menéndez,Emilia Menéndez,rasconjose-eduardo@example.org
1410,Omar,Espino,Omar Espino,jassojose-maria@example.net
1411,Salma,Zavala,Salma Zavala,beltranelena@example.net
1412,Yuridia,Valdivia,Yuridia Valdivia,maurofrias@example.com
1413,Hernán,Alejandro,Hernán Alejandro,eliascarvajal@example.net
1414,Mauro,Guerra,Mauro Guerra,leonelgrijalva@example.net
1415,Inés,Leyva,Inés Leyva,irobledo@example.net
1416,Jorge,Manzanares,Jorge Manzanares,jorge-luis87@example.com
1417,Berta,Rodarte,Berta Rodarte,emilia55@example.com
1418,Amalia,Valladares,Amalia Valladares,clementealeman@example.com
1419,Perla,Viera,Perla Viera,jlucero@example.org
1420,Isaac,Godínez,Isaac Godínez,pvargas@example.com
1421,Paulina,Miranda,Paulina Miranda,minerva77@example.org
1422,Jesús,de la O,Jesús de la O,patriciosaenz@example.org
1423,Patricia,Bahena,Patricia Bahena,benavidezyolanda@example.org
1424,Abraham,Paz,Abraham Paz,soniagodoy@example.org
1425,Cornelio,Aguirre,Cornelio Aguirre,nataliaresendez@example.com
1426,Ana María,Rosas,Ana María Rosas,aaleman@example.net
1427,Pedro,Patiño,Pedro Patiño,alfaroolga@example.net
1428,Gerardo,Tello,Gerardo Tello,adriana86@example.org
1429,Bernabé,Caldera,Bernabé Caldera,fabiolaespinosa@example.net
1430,Olivia,Hernádez,Olivia Hernádez,gabriela61@example.com
1431,Leticia,Rico,Leticia Rico,aparicioaurelio@example.com
1432,Juan,Ocasio,Juan Ocasio,obadillo@example.org
1433,David,Borrego,David Borrego,ppuente@example.com
1434,Raúl,Cadena,Raúl Cadena,godinezeric@example.net
1435,Raquel,Roldán,Raquel Roldán,amalia14@example.net
1436,Ramón,Apodaca,Ramón Apodaca,ignacioaleman@example.org
1437,Rodrigo,Colón,Rodrigo Colón,tbermudez@example.org
1438,Ramón,Guajardo,Ramón Guajardo,vtoledo@example.com
1439,Clara,Berríos,Clara Berríos,ana16@example.org
1440,Antonio,Molina,Antonio Molina,bmena@example.net
1441,Georgina,Raya,Georgina Raya,wgil@example.net
1442,José Manuél,Preciado,José Manuél Preciado,rocioolivares@example.org
1443,Serafín,Lucero,Serafín Lucero,antoniaborrego@example.com
1444,Cristian,Olivares,Cristian Olivares,juliomateo@example.com
1445,Bernabé,Bustos,Bernabé Bustos,manzanaresmaria@example.com
1446,Genaro,Canales,Genaro Canales,asuncionescobar@example.com
1447,Marisol,Valdés,Marisol Valdés,bcandelaria@example.org
1448,Joaquín,Urrutia,Joaquín Urrutia,zambranorufino@example.com
1449,Judith,Alcala,Judith Alcala,liliana61@example.net
1450,Rafaél,Guerra,Rafaél Guerra,juande-la-o@example.org
1451,Gabriel,Madera,Gabriel Madera,miguel21@example.org
1452,Manuel,Leal,Manuel Leal,eluna@example.org
1453,Jorge Luis,Heredia,Jorge Luis Heredia,socorrosaldivar@example.net
1454,Sergio,Estévez,Sergio Estévez,icarbajal@example.com
1455,Abraham,Ortiz,Abraham Ortiz,silvano65@example.com
1456,Israel,Posada,Israel Posada,helenamayorga@example.net
1457,Elvira,Roque,Elvira Roque,diana65@example.com
1458,Tania,Salas,Tania Salas,irmaocampo@example.com
1459,Laura,Nava,Laura Nava,valleelvira@example.net
1460,Patricio,Dueñas,Patricio Dueñas,riojasenrique@example.com
1461,Guillermo,Barrientos,Guillermo Barrientos,isanabria@example.net
1462,Hernán,Guardado,Hernán Guardado,victoria26@example.com
1463,Antonia,Rangel,Antonia Rangel,zverduzco@example.net
1464,Natividad,Peralta,Natividad Peralta,murilloomar@example.net
1465,Teodoro,Briones,Teodoro Briones,guzmanvictor@example.net
1466,Joaquín,de la Crúz,Joaquín de la Crúz,valladaresveronica@example.net
1467,Vicente,Pabón,Vicente Pabón,luis-manuel10@example.org
1468,Francisco Javier,Garibay,Francisco Javier Garibay,mariselanoriega@example.com
1469,Marisol,Villalobos,Marisol Villalobos,jaimealvarado@example.com
1470,Bernardo,Lucero,Bernardo Lucero,hbriones@example.net
1471,Claudia,Montero,Claudia Montero,jacobo73@example.net
1472,Maximiliano,Montero,Maximiliano Montero,ccalderon@example.net
1473,María Cristina,Matos,María Cristina Matos,maciasalvaro@example.net
1474,Camila,Altamirano,Camila Altamirano,vicente12@example.net
1475,Federico,Sevilla,Federico Sevilla,pedrocrespo@example.com
1476,Rafaél,Polanco,Rafaél Polanco,zgomez@example.com
1477,Sonia,Enríquez,Sonia Enríquez,timoteopreciado@example.com
1478,Alicia,Fajardo,Alicia Fajardo,bvillarreal@example.com
1479,Abigail,Gallegos,Abigail Gallegos,germanbarajas@example.net
1480,Benjamín,Terán,Benjamín Terán,josefinamelgar@example.org
1481,María José,Carrera,María José Carrera,yuridia78@example.net
1482,Humberto,Zambrano,Humberto Zambrano,lorosco@example.org
1483,Jaqueline,Mora,Jaqueline Mora,rde-leon@example.net
1484,Héctor,Villanueva,Héctor Villanueva,cervanteshumberto@example.org
1485,Evelio,Magaña,Evelio Magaña,elizondojose-luis@example.net
1486,Claudia,Segura,Claudia Segura,mperalta@example.org
1487,René,Olivera,René Olivera,fescamilla@example.net
1488,Pablo,Delgadillo,Pablo Delgadillo,minervalomeli@example.org
1489,Eduardo,Mascareñas,Eduardo Mascareñas,waviles@example.org
1490,Mercedes,Chacón,Mercedes Chacón,juan-carlosvalenzuela@example.net
1491,Úrsula,Saldaña,Úrsula Saldaña,asalazar@example.net
1492,María,Sáenz,María Sáenz,armandovallejo@example.org
1493,Estefanía,Loya,Estefanía Loya,laureanoespartaco@example.net
1494,Graciela,de la Garza,Graciela de la Garza,vvalles@example.com
1495,Paulina,Segura,Paulina Segura,vegacamila@example.com
1496,Pamela,Navarro,Pamela Navarro,quintanapatricio@example.org
1497,Luz,Canales,Luz Canales,hectorapodaca@example.com
1498,Frida,Montero,Frida Montero,quinonescaridad@example.org
1499,Enrique,Villalobos,Enrique Villalobos,santiago62@example.net
1500,Clara,Fonseca,Clara Fonseca,ana-mariavargas@example.com
1501,Óscar,León,Óscar León,ireneloya@example.com
1502,Renato,Jaramillo,Renato Jaramillo,cervantezlilia@example.org
1503,Gerónimo,Castro,Gerónimo Castro,felixconcepcion@example.net
1504,Inés,Gutiérrez,Inés Gutiérrez,jsaiz@example.net
1505,Susana,Jiménez,Susana Jiménez,cnunez@example.org
1506,Tania,Cabán,Tania Cabán,vserrato@example.com
1507,José Carlos,Rentería,José Carlos Rentería,lmenchaca@example.org
1508,Aurelio,Reynoso,Aurelio Reynoso,andrea86@example.org
1509,Luis Miguel,Galarza,Luis Miguel Galarza,ujasso@example.com
1510,Iván,Trujillo,Iván Trujillo,raulrubio@example.com
1511,Amanda,Arredondo,Amanda Arredondo,ricoadriana@example.org
1512,Cristina,Quintana,Cristina Quintana,babrego@example.org
1513,César,Madrid,César Madrid,gerardocaban@example.net
1514,Jorge Luis,Henríquez,Jorge Luis Henríquez,nietowendolin@example.net
1515,Daniel,Ávila,Daniel Ávila,umagana@example.net
1516,Eugenia,Portillo,Eugenia Portillo,cadenaabel@example.org
1517,Mateo,Bernal,Mateo Bernal,rosaliagastelum@example.net
1518,María,Aguirre,María Aguirre,montalvocarla@example.com
1519,César,Romo,César Romo,gironjuan-carlos@example.org
1520,Benjamín,Candelaria,Benjamín Candelaria,jose-carlos42@example.com
1521,Cecilia,Collazo,Cecilia Collazo,tamezramon@example.org
1522,Santiago,de Anda,Santiago de Anda,umontoya@example.org
1523,Soledad,Coronado,Soledad Coronado,nquintero@example.org
1524,Benito,Cintrón,Benito Cintrón,villalpandojuan-carlos@example.com
1525,Luis Miguel,Mascareñas,Luis Miguel Mascareñas,fernandolebron@example.net
1526,Arturo,Guzmán,Arturo Guzmán,aldonza43@example.net
1527,Samuel,Saucedo,Samuel Saucedo,julio-cesarlucero@example.net
1528,Ana,Grijalva,Ana Grijalva,holvera@example.org
1529,Modesto,Villegas,Modesto Villegas,suarezadan@example.com
1530,Ilse,Centeno,Ilse Centeno,avarela@example.com
1531,Patricio,de León,Patricio de León,bbeltran@example.net
1532,Ángel,Alcaraz,Ángel Alcaraz,esmeralda00@example.com
1533,Natividad,Llamas,Natividad Llamas,spina@example.com
1534,Armando,Terán,Armando Terán,germanbotello@example.com
1535,Arcelia,Segura,Arcelia Segura,cristalteran@example.com
1536,Julio César,Villa,Julio César Villa,marinmarco-antonio@example.net
1537,Evelio,Baeza,Evelio Baeza,asuncionpuente@example.org
1538,María Elena,Baca,María Elena Baca,yeni21@example.org
1539,Citlali,Alba,Citlali Alba,miriammontenegro@example.net
1540,Noemí,Huerta,Noemí Huerta,jose-emiliocastro@example.net
1541,Gabriel,Carvajal,Gabriel Carvajal,mezaluis-miguel@example.com
1542,Ofelia,Barela,Ofelia Barela,reynaldo17@example.com
1543,Nayeli,Murillo,Nayeli Murillo,sanabriaraquel@example.org
1544,José Carlos,Cotto,José Carlos Cotto,benjamin91@example.org
1545,Nancy,Acevedo,Nancy Acevedo,alcalafelipe@example.org
1546,Mariana,Narváez,Mariana Narváez,lcornejo@example.org
1547,Perla,Perea,Perla Perea,inesguzman@example.com
1548,Indira,Juárez,Indira Juárez,vazquezjose-emilio@example.org
1549,Nadia,Ávila,Nadia Ávila,espartasevilla@example.org
1550,Karla,Barrientos,Karla Barrientos,xleyva@example.com
1551,Itzel,Briseño,Itzel Briseño,xaguilera@example.org
1552,Guillermo,Valle,Guillermo Valle,silvia37@example.com
1553,Rosa,Salcido,Rosa Salcido,patricioguillen@example.org
1554,Abraham,Parra,Abraham Parra,gonzalespatricia@example.com
1555,Teresa,Aguirre,Teresa Aguirre,abel64@example.org
1556,Emiliano,Tamayo,Emiliano Tamayo,lourdessalazar@example.org
1557,Claudia,Lemus,Claudia Lemus,armasesther@example.net
1558,Liliana,Nieves,Liliana Nieves,lbravo@example.org
1559,Natalia,Cepeda,Natalia Cepeda,lbenavidez@example.net
1560,Anel,Puga,Anel Puga,evalovato@example.com
1561,Ignacio,Orozco,Ignacio Orozco,ilse74@example.org
1562,Antonio,Fierro,Antonio Fierro,rociocardona@example.org
1563,Bernabé,de Anda,Bernabé de Anda,urobledo@example.com
1564,Carla,Tello,Carla Tello,emilio74@example.com
1565,Gabino,Casares,Gabino Casares,cottohernan@example.net
1566,Salvador,Arevalo,Salvador Arevalo,itzelcordero@example.org
1567,Felix,Moya,Felix Moya,dserna@example.net
1568,Helena,Hurtado,Helena Hurtado,alta-graciapalacios@example.com
1569,Pilar,Urbina,Pilar Urbina,barbararios@example.org
1570,Clara,Casas,Clara Casas,banuelosestela@example.org
1571,Elvia,Pacheco,Elvia Pacheco,sonia19@example.net
1572,Francisco Javier,Benavídez,Francisco Javier Benavídez,barraganelvia@example.net
1573,María,Cazares,María Cazares,merazcarlos@example.org
1574,María Teresa,Arteaga,María Teresa Arteaga,renatoprieto@example.net
1575,Leonardo,Salgado,Leonardo Salgado,olivasluis@example.org
1576,Joaquín,Gallegos,Joaquín Gallegos,gerardolemus@example.com
1577,Conchita,Aragón,Conchita Aragón,vicentelucero@example.com
1578,Lilia,Urbina,Lilia Urbina,fballesteros@example.com
1579,Juan Carlos,Chapa,Juan Carlos Chapa,pfeliciano@example.net
1580,Felix,Tórrez,Felix Tórrez,olivasjorge@example.com
1581,Pamela,Rubio,Pamela Rubio,raul85@example.com
1582,Genaro,Dueñas,Genaro Dueñas,matosruben@example.org
1583,Alta  Gracia,León,Alta  Gracia León,rodriquezolga@example.com
1584,Rocío,Gonzales,Rocío Gonzales,benitogutierrez@example.net
1585,Fabiola,Jáquez,Fabiola Jáquez,gaonarene@example.com
1586,Joaquín,Delgadillo,Joaquín Delgadillo,evavillarreal@example.com
1587,Jorge,Villareal,Jorge Villareal,moraraquel@example.net
1588,Claudia,Valladares,Claudia Valladares,migueltorres@example.com
1589,Delia,Salas,Delia Salas,bustamanteanabel@example.org
1590,Salvador,Gaona,Salvador Gaona,sotomateo@example.org
1591,Isabel,Ferrer,Isabel Ferrer,jacintodiaz@example.com
1592,Ana María,Alonzo,Ana María Alonzo,rodrigocollado@example.org
1593,Olivia,Nava,Olivia Nava,ninowilfrido@example.com
1594,Rodrigo,Campos,Rodrigo Campos,hermelinda52@example.org
1595,Marco Antonio,Ruiz,Marco Antonio Ruiz,delia89@example.com
1596,Esparta,Villalpando,Esparta Villalpando,jose-mariamaldonado@example.net
1597,Guadalupe,Cavazos,Guadalupe Cavazos,abelvega@example.com
1598,Raquel,Apodaca,Raquel Apodaca,salvadormatias@example.net
1599,Estela,Valles,Estela Valles,salgadoclaudia@example.com
1600,Araceli,Granados,Araceli Granados,indira21@example.net
1601,Yuridia,Meza,Yuridia Meza,qalba@example.org
1602,Felix,Barreto,Felix Barreto,francisco10@example.org
1603,Judith,Quezada,Judith Quezada,ade-la-cruz@example.com
1604,José María,Montoya,José María Montoya,ecampos@example.net
1605,Uriel,Garza,Uriel Garza,maria-cristinabenavides@example.org
1606,Guadalupe,Almonte,Guadalupe Almonte,francisca11@example.com
1607,David,Núñez,David Núñez,antoniotrujillo@example.org
1608,Ivonne,Villegas,Ivonne Villegas,bangulo@example.net
1609,Daniel,Zepeda,Daniel Zepeda,dcortez@example.org
1610,Isabel,Flórez,Isabel Flórez,lucasurrutia@example.net
1611,Paola,Jaimes,Paola Jaimes,hector31@example.org
1612,Laura,Vázquez,Laura Vázquez,dcorrales@example.com
1613,Abelardo,Ponce,Abelardo Ponce,lozanovirginia@example.net
1614,Ruby,Rosado,Ruby Rosado,beatrizalvarez@example.org
1615,David,Lovato,David Lovato,rojascamilo@example.com
1616,Leonel,Rodríguez,Leonel Rodríguez,fjaimes@example.net
1617,Pamela,Ontiveros,Pamela Ontiveros,jose-eduardoolivarez@example.com
1618,Eduardo,Ramírez,Eduardo Ramírez,irizarrymarcos@example.com
1619,Frida,Gastélum,Frida Gastélum,ramon02@example.net
1620,Yeni,Calderón,Yeni Calderón,montanezpatricia@example.com
1621,Rolando,Gaytán,Rolando Gaytán,ontiverosoctavio@example.com
1622,Omar,Roldán,Omar Roldán,martinluna@example.org
1623,Leonardo,Aragón,Leonardo Aragón,carlarangel@example.org
1624,Daniela,Galarza,Daniela Galarza,carmenarias@example.com
1625,Arcelia,Puga,Arcelia Puga,soledadcordero@example.net
1626,Francisco Javier,Maya,Francisco Javier Maya,britojulia@example.net
1627,Leonel,Urías,Leonel Urías,geronimo87@example.org
1628,Sofía,Villagómez,Sofía Villagómez,acarreon@example.org
1629,Concepción,Valverde,Concepción Valverde,caraballoramon@example.org
1630,Gonzalo,Tello,Gonzalo Tello,lilia46@example.net
1631,Mercedes,Vázquez,Mercedes Vázquez,larchuleta@example.com
1632,Karina,Colón,Karina Colón,zarellano@example.com
1633,Eva,Arroyo,Eva Arroyo,xjimenez@example.org
1634,Iván,Madrigal,Iván Madrigal,gilberto71@example.org
1635,Cecilia,Macías,Cecilia Macías,rmayorga@example.net
1636,Lorena,Zedillo,Lorena Zedillo,escobedomargarita@example.org
1637,Lorenzo,Rubio,Lorenzo Rubio,anabel82@example.org
1638,Hugo,Santillán,Hugo Santillán,xcervantez@example.net
1639,Rebeca,Anaya,Rebeca Anaya,elisafernandez@example.org
1640,Felix,Apodaca,Felix Apodaca,xarteaga@example.net
1641,Elvia,Lara,Elvia Lara,marisol86@example.net
1642,Carlota,Angulo,Carlota Angulo,jose-emiliosaenz@example.net
1643,Marisela,Díaz,Marisela Díaz,jvilla@example.com
1644,Jaime,Dávila,Jaime Dávila,aurora40@example.com
1645,Amador,Curiel,Amador Curiel,estelagarza@example.net
1646,Emiliano,Jiménez,Emiliano Jiménez,bserna@example.net
1647,Abril,Rojo,Abril Rojo,vicentedelgadillo@example.net
1648,Abril,Garrido,Abril Garrido,sandra44@example.com
1649,José Manuél,Montes,José Manuél Montes,nhernadez@example.com
1650,Hermelinda,Soliz,Hermelinda Soliz,gviera@example.org
1651,Nayeli,Noriega,Nayeli Noriega,hector17@example.org
1652,Iván,Lebrón,Iván Lebrón,geronimo44@example.org
1653,Conchita,Sierra,Conchita Sierra,ana-luisazapata@example.com
1654,Virginia,Maya,Virginia Maya,aldonzasalinas@example.com
1655,Francisco Javier,Peralta,Francisco Javier Peralta,voquendo@example.org
1656,Rodolfo,Vázquez,Rodolfo Vázquez,jacobogaribay@example.net
1657,Oswaldo,Rolón,Oswaldo Rolón,natividad42@example.net
1658,Porfirio,Durán,Porfirio Durán,beatriz72@example.net
1659,Francisco Javier,Valdivia,Francisco Javier Valdivia,israelburgos@example.org
1660,Joaquín,Garica,Joaquín Garica,lucia55@example.com
1661,Rocío,Lozano,Rocío Lozano,ecarvajal@example.org
1662,Tania,Vergara,Tania Vergara,rodriquezeloisa@example.net
1663,Carla,Olivárez,Carla Olivárez,liliana02@example.org
1664,Elvira,Monroy,Elvira Monroy,dvargas@example.org
1665,Ignacio,Dueñas,Ignacio Dueñas,saavedraisabela@example.net
1666,Diana,Marroquín,Diana Marroquín,acunamaria-cristina@example.com
1667,Enrique,de la Garza,Enrique de la Garza,minervabueno@example.org
1668,Sessa,Puente,Sessa Puente,bpaez@example.com
1669,Juan Carlos,Acuña,Juan Carlos Acuña,tejedaelvira@example.net
1670,José Luis,Alcaraz,José Luis Alcaraz,olga30@example.net
1671,Abigail,Guzmán,Abigail Guzmán,jaimemarrero@example.org
1672,Benjamín,Olivera,Benjamín Olivera,daniela10@example.com
1673,Gregorio,Reséndez,Gregorio Reséndez,manuel25@example.com
1674,Jorge,Escobedo,Jorge Escobedo,karinaalmaraz@example.org
1675,Esparta,Ceja,Esparta Ceja,agustinvillalpando@example.net
1676,Darío,Castañeda,Darío Castañeda,uriel06@example.net
1677,Florencia,Téllez,Florencia Téllez,villegasamanda@example.net
1678,Bianca,Almonte,Bianca Almonte,carrillolorena@example.com
1679,Juan,Castañeda,Juan Castañeda,mario23@example.net
1680,Sonia,Aguirre,Sonia Aguirre,lucia18@example.com
1681,Silvia,Zelaya,Silvia Zelaya,lourdescantu@example.net
1682,Serafín,Carvajal,Serafín Carvajal,camila17@example.org
1683,Sandra,Feliciano,Sandra Feliciano,octavio35@example.net
1684,Lucas,Lucero,Lucas Lucero,alfredoulibarri@example.com
1685,Emilio,Rosales,Emilio Rosales,eugenio00@example.net
1686,Augusto,Carranza,Augusto Carranza,fcordova@example.net
1687,Antonio,Campos,Antonio Campos,trinidad37@example.com
1688,Gabino,Rivera,Gabino Rivera,camarillodelia@example.org
1689,Gregorio,Murillo,Gregorio Murillo,luis11@example.org
1690,Abril,Chavarría,Abril Chavarría,isaacmuniz@example.com
1691,Silvia,Jasso,Silvia Jasso,nievesjacobo@example.org
1692,Camila,Pacheco,Camila Pacheco,rreyes@example.com
1693,Mateo,Pérez,Mateo Pérez,brunocenteno@example.net
1694,Ana María,Crespo,Ana María Crespo,penarosa@example.com
1695,Rebeca,Quezada,Rebeca Quezada,santiagoojeda@example.com
1696,Sara,Anaya,Sara Anaya,maximilianosaavedra@example.org
1697,Lilia,Quintana,Lilia Quintana,barajasfrancisca@example.net
1698,Humberto,Alcala,Humberto Alcala,yolandamireles@example.net
1699,Octavio,Cadena,Octavio Cadena,eguzman@example.com
1700,Wilfrido,Olmos,Wilfrido Olmos,porfirioayala@example.org
1701,Trinidad,Cortez,Trinidad Cortez,ksaldivar@example.org
1702,Mitzy,Mayorga,Mitzy Mayorga,isabelledesma@example.org
1703,Natividad,Garica,Natividad Garica,ppadron@example.org
1704,María Luisa,Quiroz,María Luisa Quiroz,fbueno@example.com
1705,Ignacio,Casanova,Ignacio Casanova,galmanza@example.com
1706,Liliana,Aranda,Liliana Aranda,bustossalma@example.net
1707,Teodoro,Maestas,Teodoro Maestas,vanesareyes@example.com
1708,José,Ayala,José Ayala,maria-elenameraz@example.net
1709,Silvano,Zapata,Silvano Zapata,tnarvaez@example.com
1710,Camila,Calderón,Camila Calderón,abelardomondragon@example.com
1711,Tania,Lovato,Tania Lovato,bernabe02@example.com
1712,Clara,Parra,Clara Parra,hernandezsantiago@example.org
1713,Elena,Casárez,Elena Casárez,dgalvan@example.org
1714,Ivonne,Cardenas,Ivonne Cardenas,oarredondo@example.net
1715,Rolando,Castañeda,Rolando Castañeda,qreyna@example.net
1716,Natalia,Cervantes,Natalia Cervantes,hacuna@example.net
1717,Amanda,Uribe,Amanda Uribe,evigil@example.net
1718,Diana,Véliz,Diana Véliz,carolinacano@example.com
1719,Víctor,Zapata,Víctor Zapata,natalia66@example.net
1720,Felix,Lara,Felix Lara,smontalvo@example.com
1721,Cecilia,Chavarría,Cecilia Chavarría,szarate@example.net
1722,Nelly,Luna,Nelly Luna,perla33@example.org
1723,Sofía,López,Sofía López,zacarias22@example.net
1724,Patricia,Medrano,Patricia Medrano,moraramiro@example.com
1725,Rodolfo,Vásquez,Rodolfo Vásquez,stejeda@example.com
1726,Adán,Solorzano,Adán Solorzano,alvaradojuana@example.org
1727,Ana,Badillo,Ana Badillo,gabrielacruz@example.com
1728,Fidel,Concepción,Fidel Concepción,luceroemilia@example.net
1729,Alonso,Muñoz,Alonso Muñoz,ncanales@example.net
1730,Ramiro,Garrido,Ramiro Garrido,ggranados@example.net
1731,Graciela,Arreola,Graciela Arreola,aontiveros@example.net
1732,Humberto,Urías,Humberto Urías,alcantarfidel@example.org
1733,Silvano,Quintero,Silvano Quintero,tanianazario@example.net
1734,Patricio,Zavala,Patricio Zavala,eloisalozano@example.com
1735,Diana,Benavídez,Diana Benavídez,deboraserrano@example.org
1736,José María,Arevalo,José María Arevalo,jleiva@example.com
1737,Catalina,Cruz,Catalina Cruz,abigail57@example.net
1738,Cristal,Arenas,Cristal Arenas,irenezambrano@example.org
1739,Socorro,Madera,Socorro Madera,jvega@example.com
1740,Antonia,Matías,Antonia Matías,dulce-mariasoliz@example.org
1741,Natalia,Crespo,Natalia Crespo,itorrez@example.com
1742,Aurelio,Montes,Aurelio Montes,ernestomeraz@example.com
1743,Jorge Luis,Lozada,Jorge Luis Lozada,serafintamez@example.com
1744,Ramiro,Aguirre,Ramiro Aguirre,montemayormarisela@example.org
1745,Tomás,Guerrero,Tomás Guerrero,mayorgajuana@example.org
1746,Judith,Hidalgo,Judith Hidalgo,alberto85@example.net
1747,Nancy,Ramírez,Nancy Ramírez,sarmas@example.net
1748,Elisa,Mayorga,Elisa Mayorga,calderadaniela@example.net
1749,Oswaldo,Aguilar,Oswaldo Aguilar,gaitanyuridia@example.net
1750,Ernesto,Pineda,Ernesto Pineda,florezpablo@example.net
1751,Manuel,Becerra,Manuel Becerra,albertorico@example.net
1752,Isabel,Archuleta,Isabel Archuleta,benavidesana@example.org
1753,Fidel,Valdez,Fidel Valdez,velascoesperanza@example.com
1754,Lorenzo,Oquendo,Lorenzo Oquendo,bpalacios@example.com
1755,Adriana,Ordóñez,Adriana Ordóñez,tellezabraham@example.net
1756,Serafín,Barajas,Serafín Barajas,beltranjorge@example.net
1757,Bernabé,Longoria,Bernabé Longoria,samuel14@example.com
1758,Juana,Ortega,Juana Ortega,rojocristina@example.net
1759,Estefanía,Chacón,Estefanía Chacón,hectornino@example.org
1760,Perla,Vaca,Perla Vaca,carlotaarguello@example.org
1761,Renato,Ybarra,Renato Ybarra,jterrazas@example.org
1762,Hilda,Gaitán,Hilda Gaitán,eric68@example.org
1763,Cynthia,Enríquez,Cynthia Enríquez,sergiohernadez@example.org
1764,Camila,Durán,Camila Durán,ulloamaria-teresa@example.net
1765,Paulina,Beltrán,Paulina Beltrán,yuridia14@example.org
1766,Elvia,Vera,Elvia Vera,wmenendez@example.org
1767,Yuridia,Gollum,Yuridia Gollum,linaressilvano@example.org
1768,Eloisa,Matías,Eloisa Matías,vraya@example.net
1769,Victoria,Malave,Victoria Malave,raulvalverde@example.com
1770,Ignacio,Porras,Ignacio Porras,abigailmarroquin@example.org
1771,Estela,Pulido,Estela Pulido,jorge-luis25@example.com
1772,María Teresa,Ramírez,María Teresa Ramírez,hilda78@example.org
1773,Delia,Zepeda,Delia Zepeda,leonclara@example.net
1774,Elsa,Irizarry,Elsa Irizarry,benitezaida@example.net
1775,Susana,Angulo,Susana Angulo,nvillanueva@example.org
1776,Pedro,Hurtado,Pedro Hurtado,xcordova@example.com
1777,Esparta,Villalpando,Esparta Villalpando,cecilia78@example.net
1778,Aurora,Osorio,Aurora Osorio,nadia03@example.net
1779,Daniel,Serrano,Daniel Serrano,mariselacrespo@example.org
1780,Raúl,Valles,Raúl Valles,maximilianomunoz@example.org
1781,Estefanía,Saavedra,Estefanía Saavedra,andreajaime@example.com
1782,Eugenia,Arias,Eugenia Arias,normamuro@example.com
1783,Mariano,Rentería,Mariano Rentería,arenasvioleta@example.com
1784,Benjamín,Soliz,Benjamín Soliz,frida98@example.net
1785,Delia,Ocampo,Delia Ocampo,lnavarrete@example.net
1786,Araceli,Sierra,Araceli Sierra,jose-manuel38@example.com
1787,Jesús,Montaño,Jesús Montaño,mrosario@example.org
1788,Mónica,Chávez,Mónica Chávez,ode-jesus@example.org
1789,Noelia,León,Noelia León,conchitaescobar@example.org
1790,Jos,Zarate,Jos Zarate,godinezlinda@example.com
1791,Camila,Rosario,Camila Rosario,nroque@example.net
1792,Cynthia,Partida,Cynthia Partida,guerreroalvaro@example.org
1793,Renato,Villarreal,Renato Villarreal,ceciliasepulveda@example.org
1794,Renato,Contreras,Renato Contreras,de-la-cruzfrancisco-javier@example.org
1795,Noemí,Palomino,Noemí Palomino,limonarturo@example.org
1796,Marisol,Zepeda,Marisol Zepeda,krosario@example.org
1797,Lilia,Zaragoza,Lilia Zaragoza,rodolfoecheverria@example.net
1798,Victoria,Segura,Victoria Segura,daniela57@example.net
1799,Rosa,Barrientos,Rosa Barrientos,jose-mariaolmos@example.org
1800,Bianca,Alemán,Bianca Alemán,octaviosantana@example.net
1801,Lourdes,Cornejo,Lourdes Cornejo,diazmartin@example.net
1802,Ruby,Arellano,Ruby Arellano,cabanmauricio@example.net
1803,Catalina,Zavala,Catalina Zavala,pradooctavio@example.com
1804,José Eduardo,Armas,José Eduardo Armas,zgiron@example.com
1805,Juana,Montez,Juana Montez,pizarrocecilia@example.com
1806,Mateo,Gonzales,Mateo Gonzales,limonrufino@example.net
1807,Lucas,Hinojosa,Lucas Hinojosa,abigailaguilar@example.net
1808,Octavio,Carvajal,Octavio Carvajal,nunezvanesa@example.org
1809,Ignacio,Paredes,Ignacio Paredes,bernabe26@example.net
1810,Rocío,Hernandes,Rocío Hernandes,omar69@example.com
1811,Sara,Leal,Sara Leal,afigueroa@example.net
1812,Porfirio,Rosas,Porfirio Rosas,jose-eduardovaldivia@example.net
1813,Maximiliano,Hernandes,Maximiliano Hernandes,reynaldo56@example.net
1814,Citlali,Casanova,Citlali Casanova,mariselacuellar@example.org
1815,Ernesto,Sauceda,Ernesto Sauceda,zmireles@example.net
1816,Sessa,Ávila,Sessa Ávila,julioadame@example.org
1817,Clemente,Rodríguez,Clemente Rodríguez,ebueno@example.com
1818,Estela,Nevárez,Estela Nevárez,archuletajuan-carlos@example.com
1819,Sessa,Soliz,Sessa Soliz,ruben02@example.net
1820,Miguel Ángel,Quiñones,Miguel Ángel Quiñones,ferrervictor@example.net
1821,Gonzalo,Esquivel,Gonzalo Esquivel,zamudionayeli@example.net
1822,Esther,de la O,Esther de la O,murilloevelio@example.net
1823,Abel,Cotto,Abel Cotto,lealleonor@example.com
1824,Yolanda,Ortega,Yolanda Ortega,mvilla@example.net
1825,Adela,Barrientos,Adela Barrientos,ulloagloria@example.net
1826,Rafaél,Verduzco,Rafaél Verduzco,javier43@example.net
1827,Eloisa,Rentería,Eloisa Rentería,avelasco@example.com
1828,Delia,Palomo,Delia Palomo,valdiviaantonia@example.net
1829,Guadalupe,Molina,Guadalupe Molina,sernafrancisco@example.net
1830,René,Henríquez,René Henríquez,kocasio@example.com
1831,Federico,Mojica,Federico Mojica,lrincon@example.org
1832,Mauricio,Carrión,Mauricio Carrión,angel63@example.net
1833,Estela,Mata,Estela Mata,hmorales@example.net
1834,Abril,Irizarry,Abril Irizarry,gracielacaban@example.com
1835,Zacarías,Monroy,Zacarías Monroy,urrutiadiego@example.com
1836,Humberto,Moreno,Humberto Moreno,renatojimenez@example.org
1837,Elias,Samaniego,Elias Samaniego,eugenioguardado@example.com
1838,Emiliano,Girón,Emiliano Girón,felixmoya@example.org
1839,Bernabé,Casares,Bernabé Casares,salcedosessa@example.org
1840,Patricia,Arias,Patricia Arias,nnieto@example.com
1841,Miguel,Velasco,Miguel Velasco,mitzy28@example.com
1842,Leonel,Garibay,Leonel Garibay,anasotelo@example.com
1843,Mateo,Toledo,Mateo Toledo,sandovaljavier@example.com
1844,Delia,Reyna,Delia Reyna,sisnerosmaria-luisa@example.com
1845,Abril,Alcala,Abril Alcala,juanvera@example.org
1846,Irma,Nájera,Irma Nájera,eduardo84@example.org
1847,Gabriel,Rodríguez,Gabriel Rodríguez,josefina27@example.com
1848,Enrique,Perea,Enrique Perea,jose64@example.com
1849,Dolores,Vázquez,Dolores Vázquez,renegiron@example.org
1850,Genaro,Gracia,Genaro Gracia,molivarez@example.org
1851,Conchita,Rojas,Conchita Rojas,del-vallelucia@example.com
1852,Cecilia,Sierra,Cecilia Sierra,micaela44@example.net
1853,Raquel,Arreola,Raquel Arreola,scamacho@example.org
1854,Ana María,Galván,Ana María Galván,martin17@example.net
1855,Israel,Hurtado,Israel Hurtado,jorge-luis88@example.com
1856,Jaime,Almonte,Jaime Almonte,wcasas@example.net
1857,Samuel,Farías,Samuel Farías,gloriamota@example.com
1858,Zacarías,Segovia,Zacarías Segovia,framon@example.com
1859,Sessa,Llamas,Sessa Llamas,kcolunga@example.net
1860,Iván,Pérez,Iván Pérez,fbecerra@example.org
1861,Jacobo,Gil,Jacobo Gil,ilse44@example.net
1862,Verónica,Ortega,Verónica Ortega,maria59@example.net
1863,María del Carmen,Pedraza,María del Carmen Pedraza,dulce-mariaaltamirano@example.org
1864,Eugenio,Heredia,Eugenio Heredia,gaitandaniela@example.com
1865,Benjamín,Cadena,Benjamín Cadena,rojaspascual@example.org
1866,Aldonza,Osorio,Aldonza Osorio,canofrida@example.net
1867,Cristal,Bravo,Cristal Bravo,omares@example.org
1868,Gloria,Quintero,Gloria Quintero,cesarsoto@example.org
1869,Alicia,Aragón,Alicia Aragón,irma77@example.net
1870,Georgina,Ulibarri,Georgina Ulibarri,scervantez@example.net
1871,Diana,Villareal,Diana Villareal,bvalle@example.net
1872,Timoteo,Tejeda,Timoteo Tejeda,javier78@example.org
1873,Augusto,Quintanilla,Augusto Quintanilla,josefina64@example.org
1874,Hernán,Alarcón,Hernán Alarcón,solorzanocelia@example.com
1875,Gonzalo,Rodarte,Gonzalo Rodarte,salazarmateo@example.com
1876,Abril,Posada,Abril Posada,ruben30@example.net
1877,José Luis,Esparza,José Luis Esparza,bvalentin@example.com
1878,Felix,Dávila,Felix Dávila,oochoa@example.com
1879,Arcelia,Pichardo,Arcelia Pichardo,noemijurado@example.com
1880,Violeta,Tapia,Violeta Tapia,liliana31@example.org
1881,Celia,Longoria,Celia Longoria,resendezserafin@example.com
1882,Georgina,Salazar,Georgina Salazar,inesalmaraz@example.org
1883,Amador,Téllez,Amador Téllez,escamillabenjamin@example.com
1884,Gabriel,Castillo,Gabriel Castillo,oaguilera@example.org
1885,Cornelio,Alejandro,Cornelio Alejandro,vgamboa@example.com
1886,Hugo,Samaniego,Hugo Samaniego,marisol05@example.org
1887,Clemente,Badillo,Clemente Badillo,julio-cesar18@example.com
1888,Dolores,Espinosa,Dolores Espinosa,juana01@example.net
1889,Felix,Olmos,Felix Olmos,vgutierrez@example.org
1890,Elvia,Rincón,Elvia Rincón,solizwendolin@example.org
1891,Mario,Ordóñez,Mario Ordóñez,irene20@example.net
1892,Paulina,Soliz,Paulina Soliz,hernandesmauricio@example.net
1893,Héctor,Farías,Héctor Farías,amelia31@example.org
1894,Tania,Puente,Tania Puente,adela24@example.net
1895,Carla,Ortiz,Carla Ortiz,abrilarias@example.net
1896,Martín,Ybarra,Martín Ybarra,jose-emilioburgos@example.org
1897,Cristina,Sanabria,Cristina Sanabria,mirelessocorro@example.org
1898,Ana María,Moya,Ana María Moya,omarcarbajal@example.org
1899,Micaela,Gonzales,Micaela Gonzales,porfirio57@example.net
1900,Elisa,Alonso,Elisa Alonso,umuniz@example.org
1901,Fidel,Arenas,Fidel Arenas,jquezada@example.com
1902,Patricia,Saiz,Patricia Saiz,raquelescobar@example.net
1903,Jaqueline,Mejía,Jaqueline Mejía,mlaureano@example.net
1904,Cynthia,Barrientos,Cynthia Barrientos,maria-del-carmenlucero@example.com
1905,Patricia,Navarro,Patricia Navarro,xabrego@example.net
1906,Natividad,Ojeda,Natividad Ojeda,aidanarvaez@example.net
1907,Evelio,Mayorga,Evelio Mayorga,tijerinajulia@example.org
1908,Ofelia,Salinas,Ofelia Salinas,saraleyva@example.com
1909,Lucas,Medina,Lucas Medina,calderaoctavio@example.net
1910,Ángel,Armas,Ángel Armas,diegoaparicio@example.org
1911,Bernabé,Ruelas,Bernabé Ruelas,bertaaparicio@example.net
1912,Tomás,Oquendo,Tomás Oquendo,nsotelo@example.net
1913,Rosa,Hidalgo,Rosa Hidalgo,navarroestela@example.net
1914,Angélica,Alcántar,Angélica Alcántar,vanesasalazar@example.org
1915,Mayte,Ballesteros,Mayte Ballesteros,porfirio65@example.net
1916,Ana Luisa,Jáquez,Ana Luisa Jáquez,batistahernan@example.org
1917,Esmeralda,Solano,Esmeralda Solano,camposesther@example.net
1918,Judith,Espinal,Judith Espinal,oliviaguzman@example.net
1919,Socorro,Duarte,Socorro Duarte,xcaraballo@example.net
1920,Reynaldo,Muñiz,Reynaldo Muñiz,gponce@example.org
1921,Dolores,Urbina,Dolores Urbina,vsantana@example.net
1922,Cristina,Tejeda,Cristina Tejeda,umora@example.net
1923,Irma,Nieto,Irma Nieto,uposada@example.com
1924,Sandra,Guajardo,Sandra Guajardo,jose-manuelurbina@example.net
1925,Florencia,Murillo,Florencia Murillo,zramos@example.org
1926,Aldo,Linares,Aldo Linares,sisneroscelia@example.com
1927,Abraham,Macías,Abraham Macías,ernestomascarenas@example.org
1928,Gerónimo,Uribe,Gerónimo Uribe,barbaraarchuleta@example.com
1929,Jonás,Cortés,Jonás Cortés,gabinonavarro@example.net
1930,Felix,Gonzales,Felix Gonzales,helena19@example.com
1931,Rebeca,Gamboa,Rebeca Gamboa,melendezmaximiliano@example.org
1932,Micaela,Velázquez,Micaela Velázquez,yaneztomas@example.com
1933,Alfonso,Velázquez,Alfonso Velázquez,xberrios@example.org
1934,Israel,Montero,Israel Montero,hpena@example.org
1935,Úrsula,Zarate,Úrsula Zarate,olivasana@example.com
1936,Ofelia,Arguello,Ofelia Arguello,paola92@example.com
1937,Nadia,García,Nadia García,amadororozco@example.com
1938,Rosario,Velásquez,Rosario Velásquez,garibaymagdalena@example.com
1939,Laura,Cordero,Laura Cordero,ivanborrego@example.com
1940,Reina,Arroyo,Reina Arroyo,figlesias@example.com
1941,Mónica,Puente,Mónica Puente,celiarosales@example.net
1942,Elvia,Saavedra,Elvia Saavedra,mvazquez@example.net
1943,Sergio,Soria,Sergio Soria,federicobecerra@example.com
1944,Luis Manuel,Mejía,Luis Manuel Mejía,carreonyuridia@example.com
1945,Luisa,Navarrete,Luisa Navarrete,elias55@example.net
1946,Vanesa,Alva,Vanesa Alva,dario59@example.com
1947,Sofía,Concepción,Sofía Concepción,oarmendariz@example.org
1948,José Luis,Cortés,José Luis Cortés,carreonana@example.org
1949,Silvano,Cordero,Silvano Cordero,adela51@example.com
1950,María del Carmen,Rodríguez,María del Carmen Rodríguez,merazenrique@example.net
1951,Pablo,Galarza,Pablo Galarza,patriciosolorzano@example.com
1952,Pascual,Rosas,Pascual Rosas,yolandaalmanza@example.com
1953,Rodolfo,Soto,Rodolfo Soto,herreradavid@example.org
1954,Gloria,Fernández,Gloria Fernández,ana70@example.org
1955,Julia,Juárez,Julia Juárez,bianca04@example.net
1956,Judith,Godoy,Judith Godoy,tsauceda@example.org
1957,Ignacio,Rubio,Ignacio Rubio,escamillaelvia@example.net
1958,María José,Valentín,María José Valentín,arenasfernando@example.net
1959,Hilda,Merino,Hilda Merino,vorozco@example.org
1960,Aida,Montenegro,Aida Montenegro,joaquin43@example.net
1961,Gerónimo,Bañuelos,Gerónimo Bañuelos,julia08@example.com
1962,Espartaco,Coronado,Espartaco Coronado,laura21@example.net
1963,Juana,Soliz,Juana Soliz,lorenaguajardo@example.net
1964,Cristian,Polanco,Cristian Polanco,salma57@example.net
1965,César,Fonseca,César Fonseca,robertotoro@example.net
1966,Eloy,Chavarría,Eloy Chavarría,ofelia26@example.org
1967,Vanesa,Vallejo,Vanesa Vallejo,ilsebarreto@example.net
1968,Óscar,Casanova,Óscar Casanova,ilseconcepcion@example.net
1969,Alta  Gracia,Matos,Alta  Gracia Matos,tpatino@example.com
1970,Teodoro,Lara,Teodoro Lara,elenacarbajal@example.org
1971,Dulce María,Alvarez,Dulce María Alvarez,samuel99@example.org
1972,Rubén,Gómez,Rubén Gómez,aldonzamunoz@example.org
1973,Mateo,Cervantes,Mateo Cervantes,lnino@example.com
1974,Mitzy,Rojo,Mitzy Rojo,daliaespinoza@example.org
1975,Alonso,Paredes,Alonso Paredes,jiminezliliana@example.org
1976,Yuridia,Fierro,Yuridia Fierro,andresdiaz@example.com
1977,Sergio,Saiz,Sergio Saiz,maria-jose36@example.com
1978,Alma,Zúñiga,Alma Zúñiga,zmarroquin@example.net
1979,Reina,Villegas,Reina Villegas,solizbianca@example.com
1980,María Eugenia,Arias,María Eugenia Arias,normaterrazas@example.com
1981,Alfredo,Valdez,Alfredo Valdez,wsevilla@example.net
1982,Amador,Espinal,Amador Espinal,marcos64@example.com
1983,María Teresa,de la Crúz,María Teresa de la Crúz,nlozano@example.org
1984,Noemí,Collado,Noemí Collado,frazo@example.net
1985,Mónica,Carreón,Mónica Carreón,rociotrevino@example.org
1986,Laura,Pedraza,Laura Pedraza,maria-del-carmen02@example.com
1987,Rosa,Ferrer,Rosa Ferrer,qbustamante@example.com
1988,Violeta,Dávila,Violeta Dávila,bustoscamila@example.net
1989,María del Carmen,Naranjo,María del Carmen Naranjo,soriajuan-carlos@example.net
1990,Nayeli,Crespo,Nayeli Crespo,yurbina@example.org
1991,David,Meza,David Meza,daliacolunga@example.org
1992,Amelia,Perea,Amelia Perea,horacio74@example.net
1993,Dolores,Carvajal,Dolores Carvajal,eloyacosta@example.net
1994,Flavio,Alcala,Flavio Alcala,fsalinas@example.net
1995,Abigail,Zúñiga,Abigail Zúñiga,ngranados@example.net
1996,Victoria,Rolón,Victoria Rolón,cparra@example.org
1997,Ruby,Zapata,Ruby Zapata,guevarapascual@example.com
1998,Silvano,Valdés,Silvano Valdés,amadorescalante@example.org
1999,Anabel,Montes,Anabel Montes,colungaalonso@example.net
